date,main_cat
2018-03-25,Home Audio & Theater
2018-03-25,All Electronics
2018-03-25,All Electronics
2018-03-25,Computers
2018-03-25,Computers
2018-03-25,All Electronics
2018-03-13,All Electronics
2018-03-13,All Electronics
2018-03-13,Computers
2017-09-08,Home Audio & Theater
2017-09-08,All Electronics
2017-08-17,Home Audio & Theater
2017-08-17,Computers
2017-08-17,Computers
2017-07-30,All Electronics
2017-07-30,Computers
2017-07-30,All Electronics
2017-07-30,Computers
2017-07-30,Computers
2017-07-30,Computers
2017-07-30,Computers
2017-07-30,All Electronics
2017-03-26,Computers
2017-03-09,All Electronics
2017-03-06,All Electronics
2017-03-06,Computers
2017-03-06,Computers
2017-03-06,Computers
2017-03-06,Home Audio & Theater
2017-03-06,Computers
2017-03-06,All Electronics
2017-03-06,Computers
2017-03-06,Computers
2017-03-06,Computers
2017-01-07,Computers
2017-01-03,Computers
2016-12-19,Cell Phones & Accessories
2016-12-19,Cell Phones & Accessories
2016-12-19,Cell Phones & Accessories
2016-12-19,Computers
2016-12-02,Cell Phones & Accessories
2016-12-02,Home Audio & Theater
2016-12-02,Cell Phones & Accessories
2016-12-02,Computers
2016-11-19,Computers
2016-11-19,Home Audio & Theater
2016-11-19,Computers
2016-11-19,Computers
2016-11-19,Computers
2016-11-19,Computers
2016-11-19,Home Audio & Theater
2016-11-19,Cell Phones & Accessories
2016-11-19,Cell Phones & Accessories
2016-11-19,Home Audio & Theater
2016-10-27,Computers
2016-10-27,Cell Phones & Accessories
2016-10-27,Cell Phones & Accessories
2016-10-27,Cell Phones & Accessories
2016-10-11,All Electronics
2016-10-11,Camera & Photo
2016-10-11,All Electronics
2016-09-28,Computers
2016-09-05,Computers
2016-09-05,Industrial & Scientific
2016-06-30,Computers
2016-06-30,Camera & Photo
2016-06-30,Computers
2016-06-30,Computers
2016-06-30,Camera & Photo
2016-06-30,Computers
2016-05-12,All Electronics
2016-05-12,Computers
2016-05-12,All Electronics
2016-05-12,Computers
2016-05-12,Home Audio & Theater
2016-04-14,All Electronics
2016-04-14,All Electronics
2016-03-24,Computers
2016-03-03,All Electronics
2016-02-08,Home Audio & Theater
2015-12-24,Computers
2015-12-24,Cell Phones & Accessories
2015-12-16,Cell Phones & Accessories
2015-12-16,Computers
2015-12-16,Amazon Devices
2015-12-16,Home Audio & Theater
2015-12-16,Computers
2015-12-16,All Electronics
2015-12-16,Computers
2015-12-16,Apple Products
2015-12-16,All Electronics
2015-12-16,All Electronics
2015-12-16,Computers
2015-12-16,Computers
2015-12-16,All Electronics
2015-12-16,All Electronics
2015-12-16,Computers
2015-12-16,Computers
2015-12-16,Computers
2015-12-16,All Electronics
2015-12-16,Camera & Photo
2015-12-16,Computers
2015-12-16,Computers
2015-12-16,Camera & Photo
2015-12-16,All Electronics
2015-12-16,Computers
2015-12-16,Computers
2015-12-16,All Electronics
2015-12-16,Home Audio & Theater
2015-12-16,All Electronics
2015-12-16,Amazon Devices
2015-12-16,Computers
2015-12-16,Cell Phones & Accessories
2015-12-16,Computers
2015-12-16,All Electronics
2015-12-16,Camera & Photo
2015-12-16,All Electronics
2015-12-16,Camera & Photo
2015-12-16,Cell Phones & Accessories
2015-12-16,Computers
2015-12-16,Computers
2015-12-16,Home Audio & Theater
2015-12-16,Computers
2015-12-16,All Electronics
2015-12-16,All Electronics
2015-12-14,Home Audio & Theater
2015-12-07,Computers
2015-12-07,Amazon Devices
2015-11-15,Computers
2015-11-15,Computers
2015-11-15,All Electronics
2015-11-15,Computers
2015-11-15,Industrial & Scientific
2015-11-04,Home Audio & Theater
2015-11-04,Computers
2015-11-04,Portable Audio & Accessories
2015-11-04,Computers
2015-11-04,All Electronics
2015-10-25,All Electronics
2015-10-25,Cell Phones & Accessories
2015-10-25,All Electronics
2015-10-25,Computers
2015-10-25,Computers
2015-10-25,All Electronics
2015-10-25,All Electronics
2015-10-25,Cell Phones & Accessories
2015-10-25,Computers
2015-10-25,Cell Phones & Accessories
2015-10-25,Home Audio & Theater
2015-10-25,All Electronics
2015-10-25,All Electronics
2015-10-25,All Electronics
2015-10-25,Computers
2015-10-25,All Electronics
2015-10-25,All Electronics
2015-10-25,Cell Phones & Accessories
2015-10-25,Industrial & Scientific
2015-10-25,Computers
2015-10-25,All Electronics
2015-10-25,Computers
2015-10-25,All Electronics
2015-10-25,Computers
2015-10-25,All Electronics
2015-10-25,All Electronics
2015-10-25,Computers
2015-10-25,All Electronics
2015-10-25,All Electronics
2015-10-25,All Electronics
2015-10-25,All Electronics
2015-10-25,Computers
2015-10-25,Home Audio & Theater
2015-10-25,All Electronics
2015-10-06,Computers
2015-10-06,All Electronics
2015-10-06,Computers
2015-10-06,All Electronics
2015-10-06,All Electronics
2015-10-06,Computers
2015-10-06,All Electronics
2015-10-06,Cell Phones & Accessories
2015-10-06,All Electronics
2015-10-06,Computers
2015-10-02,Computers
2015-10-02,Computers
2015-10-02,Computers
2015-10-02,Computers
2015-10-02,Camera & Photo
2015-10-02,Computers
2015-09-19,All Electronics
2015-09-03,Computers
2015-09-03,Cell Phones & Accessories
2015-09-03,Computers
2015-09-03,Computers
2015-09-03,All Electronics
2015-09-03,Computers
2015-08-30,Apple Products
2015-08-30,Cell Phones & Accessories
2015-08-28,Computers
2015-08-26,Home Audio & Theater
2015-08-26,Computers
2015-08-17,Computers
2015-08-17,Home Audio & Theater
2015-08-17,Home Audio & Theater
2015-08-17,Amazon Devices
2015-08-17,All Electronics
2015-08-17,Computers
2015-08-17,All Electronics
2015-08-17,Computers
2015-08-17,Computers
2015-08-17,Amazon Devices
2015-08-17,Computers
2015-08-17,Home Audio & Theater
2015-08-17,All Electronics
2015-08-17,All Electronics
2015-08-17,Cell Phones & Accessories
2015-08-17,Cell Phones & Accessories
2015-08-17,Computers
2015-06-28,Computers
2015-06-28,Home Audio & Theater
2015-06-28,All Electronics
2015-06-28,Camera & Photo
2015-06-28,All Electronics
2015-06-28,Cell Phones & Accessories
2015-06-28,All Electronics
2015-06-28,Home Audio & Theater
2015-06-28,Computers
2015-06-28,All Electronics
2015-06-28,All Electronics
2015-06-28,Cell Phones & Accessories
2015-06-28,Home Audio & Theater
2015-06-28,Home Audio & Theater
2015-06-28,Amazon Devices
2015-06-28,Amazon Devices
2015-06-28,Home Audio & Theater
2015-06-28,Home Audio & Theater
2015-06-28,Amazon Devices
2015-06-28,Cell Phones & Accessories
2015-06-28,Home Audio & Theater
2015-06-28,All Electronics
2015-06-28,All Electronics
2015-06-28,Home Audio & Theater
2015-06-28,Computers
2015-06-28,All Electronics
2015-06-28,Home Audio & Theater
2015-06-28,Amazon Devices
2015-06-28,Computers
2015-06-28,All Electronics
2015-06-28,All Electronics
2015-06-28,All Electronics
2015-06-28,All Electronics
2015-06-28,All Electronics
2015-06-28,All Electronics
2015-06-28,All Electronics
2015-06-27,All Electronics
2015-06-27,All Electronics
2015-06-27,Home Audio & Theater
2015-06-27,Cell Phones & Accessories
2015-06-27,Computers
2015-06-27,All Electronics
2015-06-27,Cell Phones & Accessories
2015-06-27,All Electronics
2015-06-27,All Electronics
2015-06-27,Home Audio & Theater
2015-06-27,All Electronics
2015-06-27,Cell Phones & Accessories
2015-06-27,All Electronics
2015-06-27,All Electronics
2015-06-27,Cell Phones & Accessories
2015-06-27,All Electronics
2015-06-27,Amazon Devices
2015-06-27,All Electronics
2015-06-27,Computers
2015-06-27,All Electronics
2015-06-27,Cell Phones & Accessories
2015-06-26,Computers
2015-06-26,All Electronics
2015-06-26,Computers
2015-06-26,All Electronics
2015-06-26,All Electronics
2015-06-26,Computers
2015-06-26,Computers
2015-06-26,Home Audio & Theater
2015-06-26,All Electronics
2015-06-26,Home Audio & Theater
2015-06-26,Computers
2015-06-26,Home Audio & Theater
2015-06-26,All Electronics
2015-06-26,Home Audio & Theater
2015-06-26,All Electronics
2015-06-26,Computers
2015-06-26,Computers
2015-06-26,Home Audio & Theater
2015-06-26,Home Audio & Theater
2015-06-26,Home Audio & Theater
2015-06-26,All Electronics
2015-06-26,All Electronics
2015-06-26,Home Audio & Theater
2015-06-26,Camera & Photo
2015-06-26,Apple Products
2015-06-26,Apple Products
2015-06-26,All Electronics
2015-06-26,All Electronics
2015-06-26,Home Audio & Theater
2015-06-26,Computers
2015-06-26,Computers
2015-06-26,All Electronics
2015-06-26,Computers
2015-06-26,Home Audio & Theater
2015-06-26,Computers
2015-06-26,Home Audio & Theater
2015-06-26,Computers
2015-06-26,Computers
2015-06-26,All Electronics
2015-06-26,Computers
2015-06-26,Computers
2015-06-26,All Electronics
2015-06-26,All Electronics
2015-06-26,Computers
2015-06-26,All Electronics
2015-06-26,Apple Products
2015-06-26,Cell Phones & Accessories
2015-06-26,All Electronics
2015-06-26,Computers
2010-02-05,Car Electronics
